buy_order,sell_order,percent_change
"{'orderType': True, 'location': 60004468, 'price': 300000.0, 'system': 30000195, 'item': 17366, 'volume': 3}","{'orderType': False, 'location': 60003760, 'price': 27700.0, 'system': 30000142, 'item': 17366, 'volume': 15}",983.0324909747292
"{'orderType': True, 'location': 60003349, 'price': 2861.99, 'system': 30000165, 'item': 3777, 'volume': 669}","{'orderType': False, 'location': 60004360, 'price': 337.3, 'system': 30000136, 'item': 3777, 'volume': 50}",748.4998517640082
"{'orderType': True, 'location': 60005602, 'price': 28.9, 'system': 30000120, 'item': 27331, 'volume': 6000}","{'orderType': False, 'location': 60003760, 'price': 5.01, 'system': 30000142, 'item': 27331, 'volume': 1000}",476.8463073852296
"{'orderType': True, 'location': 60003760, 'price': 30340.0, 'system': 30000142, 'item': 25593, 'volume': 15935}","{'orderType': False, 'location': 60015027, 'price': 6104.0, 'system': 30030141, 'item': 25593, 'volume': 1}",397.0511140235911
"{'orderType': True, 'location': 60003760, 'price': 11610.0, 'system': 30000142, 'item': 88174, 'volume': 57}","{'orderType': False, 'location': 60006433, 'price': 4228.0, 'system': 30000135, 'item': 88174, 'volume': 1}",174.59791863765372
"{'orderType': True, 'location': 60013147, 'price': 1300.0, 'system': 30000189, 'item': 28361, 'volume': 10}","{'orderType': False, 'location': 60003760, 'price': 549.9, 'system': 30000142, 'item': 28361, 'volume': 4995}",136.4066193853428
"{'orderType': True, 'location': 60000307, 'price': 2200.0, 'system': 30000189, 'item': 28365, 'volume': 10}","{'orderType': False, 'location': 60003760, 'price': 999.5, 'system': 30000142, 'item': 28365, 'volume': 37}",120.11005502751375
"{'orderType': True, 'location': 60003760, 'price': 563.4, 'system': 30000142, 'item': 3645, 'volume': 60205}","{'orderType': False, 'location': 60004360, 'price': 260.4, 'system': 30000136, 'item': 3645, 'volume': 20}",116.3594470046083
"{'orderType': True, 'location': 60003760, 'price': 6651.0, 'system': 30000142, 'item': 25595, 'volume': 509}","{'orderType': False, 'location': 60015027, 'price': 3102.0, 'system': 30030141, 'item': 25595, 'volume': 1}",114.41005802707932
"{'orderType': True, 'location': 60003760, 'price': 22510.0, 'system': 30000142, 'item': 11287, 'volume': 16665}","{'orderType': False, 'location': 60002239, 'price': 11000.0, 'system': 30000194, 'item': 11287, 'volume': 105}",104.63636363636364
"{'orderType': True, 'location': 60000967, 'price': 166000.0, 'system': 30000207, 'item': 16303, 'volume': 177}","{'orderType': False, 'location': 60003760, 'price': 84010.0, 'system': 30000142, 'item': 16303, 'volume': 9}",97.5955243423402
"{'orderType': True, 'location': 1042508032148, 'price': 14120.0, 'system': 30000144, 'item': 25603, 'volume': 16571}","{'orderType': False, 'location': 60012667, 'price': 7496.0, 'system': 30000180, 'item': 25603, 'volume': 2}",88.36712913553896
"{'orderType': True, 'location': 60003760, 'price': 18560.0, 'system': 30000142, 'item': 5439, 'volume': 2278}","{'orderType': False, 'location': 60003136, 'price': 10400.0, 'system': 30000156, 'item': 5439, 'volume': 1}",78.46153846153847
"{'orderType': True, 'location': 60003760, 'price': 5290.0, 'system': 30000142, 'item': 25588, 'volume': 36140}","{'orderType': False, 'location': 60012667, 'price': 3005.0, 'system': 30000180, 'item': 25588, 'volume': 59}",76.03993344425956
"{'orderType': True, 'location': 60010201, 'price': 119.6, 'system': 30000164, 'item': 3643, 'volume': 22289}","{'orderType': False, 'location': 60003730, 'price': 68.0, 'system': 30000132, 'item': 3643, 'volume': 303}",75.88235294117646
"{'orderType': True, 'location': 60010819, 'price': 385.87, 'system': 30000190, 'item': 9826, 'volume': 2182}","{'orderType': False, 'location': 60002437, 'price': 231.8, 'system': 30000153, 'item': 9826, 'volume': 3}",66.46678170836928
"{'orderType': True, 'location': 60010192, 'price': 750.0, 'system': 30000160, 'item': 25589, 'volume': 4928}","{'orderType': False, 'location': 60012667, 'price': 452.6, 'system': 30000180, 'item': 25589, 'volume': 39}",65.70923552806008
"{'orderType': True, 'location': 60015027, 'price': 225.8, 'system': 30030141, 'item': 3812, 'volume': 1}","{'orderType': False, 'location': 60012310, 'price': 141.0, 'system': 30000202, 'item': 3812, 'volume': 14}",60.14184397163122
"{'orderType': True, 'location': 60003730, 'price': 302.5, 'system': 30000132, 'item': 3647, 'volume': 425}","{'orderType': False, 'location': 60003760, 'price': 199.0, 'system': 30000142, 'item': 3647, 'volume': 9}",52.01005025125628
"{'orderType': True, 'location': 60003061, 'price': 2600.0, 'system': 30000120, 'item': 25601, 'volume': 8}","{'orderType': False, 'location': 60012667, 'price': 1716.0, 'system': 30000180, 'item': 25601, 'volume': 85}",51.515151515151516
"{'orderType': True, 'location': 60000307, 'price': 6000.0, 'system': 30000189, 'item': 28364, 'volume': 10}","{'orderType': False, 'location': 60003760, 'price': 3998.0, 'system': 30000142, 'item': 28364, 'volume': 929}",50.07503751875938
"{'orderType': True, 'location': 1042508032148, 'price': 30050.0, 'system': 30000144, 'item': 1875, 'volume': 1936}","{'orderType': False, 'location': 60015027, 'price': 20110.0, 'system': 30030141, 'item': 1875, 'volume': 1}",49.42814520139234
"{'orderType': True, 'location': 60003760, 'price': 16.0, 'system': 30000142, 'item': 17471, 'volume': 36504145}","{'orderType': False, 'location': 60002356, 'price': 10.75, 'system': 30000183, 'item': 17471, 'volume': 41934}",48.837209302325576
"{'orderType': True, 'location': 60003760, 'price': 7527000000.0, 'system': 30000142, 'item': 28352, 'volume': 1}","{'orderType': False, 'location': 60004081, 'price': 5078000000.0, 'system': 30000162, 'item': 28352, 'volume': 1}",48.22764868058291
"{'orderType': True, 'location': 60012667, 'price': 11110.59, 'system': 30000180, 'item': 3713, 'volume': 1260}","{'orderType': False, 'location': 60003760, 'price': 7501.0, 'system': 30000142, 'item': 3713, 'volume': 20}",48.12145047327023
"{'orderType': True, 'location': 60003760, 'price': 1020.0, 'system': 30000142, 'item': 15331, 'volume': 111927}","{'orderType': False, 'location': 60015027, 'price': 700.1, 'system': 30030141, 'item': 15331, 'volume': 12}",45.69347236109127
"{'orderType': True, 'location': 1044752365771, 'price': 581.5, 'system': 30000144, 'item': 3683, 'volume': 199218}","{'orderType': False, 'location': 60004360, 'price': 399.2, 'system': 30000136, 'item': 3683, 'volume': 30}",45.666332665330664
"{'orderType': True, 'location': 1042508032148, 'price': 55550.0, 'system': 30000144, 'item': 25606, 'volume': 6431}","{'orderType': False, 'location': 60012667, 'price': 39920.0, 'system': 30000180, 'item': 25606, 'volume': 36}",39.153306613226455
"{'orderType': True, 'location': 60003760, 'price': 41500.0, 'system': 30000142, 'item': 5181, 'volume': 1859}","{'orderType': False, 'location': 60015027, 'price': 29990.0, 'system': 30030141, 'item': 5181, 'volume': 14}",38.37945981993998
"{'orderType': True, 'location': 60004225, 'price': 64030.0, 'system': 30000156, 'item': 11557, 'volume': 7}","{'orderType': False, 'location': 60003760, 'price': 46850.0, 'system': 30000142, 'item': 11557, 'volume': 309}",36.67022411953042
"{'orderType': True, 'location': 60000307, 'price': 6000.0, 'system': 30000189, 'item': 28362, 'volume': 10}","{'orderType': False, 'location': 60003760, 'price': 4399.0, 'system': 30000142, 'item': 28362, 'volume': 3238}",36.39463514435099
"{'orderType': True, 'location': 60004225, 'price': 61060.0, 'system': 30000156, 'item': 11555, 'volume': 7}","{'orderType': False, 'location': 60003760, 'price': 44880.0, 'system': 30000142, 'item': 11555, 'volume': 226}",36.051693404634584
"{'orderType': True, 'location': 60003760, 'price': 5336.0, 'system': 30000142, 'item': 84521, 'volume': 296}","{'orderType': False, 'location': 60012667, 'price': 3930.0, 'system': 30000180, 'item': 84521, 'volume': 1}",35.776081424936386
"{'orderType': True, 'location': 60000307, 'price': 10000.0, 'system': 30000189, 'item': 28366, 'volume': 10}","{'orderType': False, 'location': 60003760, 'price': 7398.0, 'system': 30000142, 'item': 28366, 'volume': 396}",35.17166801838334
"{'orderType': True, 'location': 60000871, 'price': 120.72, 'system': 30000184, 'item': 3673, 'volume': 48939}","{'orderType': False, 'location': 60000277, 'price': 90.0, 'system': 30000148, 'item': 3673, 'volume': 94161}",34.13333333333333
"{'orderType': True, 'location': 60003760, 'price': 562600.0, 'system': 30000142, 'item': 16365, 'volume': 405}","{'orderType': False, 'location': 60012667, 'price': 420500.0, 'system': 30000180, 'item': 16365, 'volume': 3}",33.793103448275865
"{'orderType': True, 'location': 60003337, 'price': 59.34, 'system': 30000139, 'item': 9852, 'volume': 274}","{'orderType': False, 'location': 60003397, 'price': 44.4, 'system': 30000129, 'item': 9852, 'volume': 106}",33.64864864864866
"{'orderType': True, 'location': 60002239, 'price': 246.09, 'system': 30000194, 'item': 11855, 'volume': 30969}","{'orderType': False, 'location': 60002734, 'price': 186.0, 'system': 30000146, 'item': 11855, 'volume': 33333}",32.306451612903224
"{'orderType': True, 'location': 1042508032148, 'price': 18550.0, 'system': 30000144, 'item': 25600, 'volume': 9949}","{'orderType': False, 'location': 60012667, 'price': 14110.0, 'system': 30000180, 'item': 25600, 'volume': 79}",31.467044649184977
"{'orderType': True, 'location': 1042508032148, 'price': 66690.0, 'system': 30000144, 'item': 25604, 'volume': 3993}","{'orderType': False, 'location': 60012667, 'price': 51030.0, 'system': 30000180, 'item': 25604, 'volume': 26}",30.687830687830687
"{'orderType': True, 'location': 60003760, 'price': 1506.0, 'system': 30000142, 'item': 54714, 'volume': 61}","{'orderType': False, 'location': 60015027, 'price': 1155.0, 'system': 30030141, 'item': 54714, 'volume': 1}",30.38961038961039
"{'orderType': True, 'location': 60003760, 'price': 351800.0, 'system': 30000142, 'item': 5973, 'volume': 526}","{'orderType': False, 'location': 60004228, 'price': 271200.0, 'system': 30000129, 'item': 5973, 'volume': 1}",29.71976401179941
"{'orderType': True, 'location': 60002239, 'price': 116.42, 'system': 30000194, 'item': 3715, 'volume': 30000}","{'orderType': False, 'location': 60012667, 'price': 90.0, 'system': 30000180, 'item': 3715, 'volume': 10}",29.355555555555558
"{'orderType': True, 'location': 60015027, 'price': 3500.0, 'system': 30030141, 'item': 561, 'volume': 10}","{'orderType': False, 'location': 60003760, 'price': 2713.0, 'system': 30000142, 'item': 561, 'volume': 3}",29.00847769996314
"{'orderType': True, 'location': 60003397, 'price': 19350.0, 'system': 30000129, 'item': 672, 'volume': 1}","{'orderType': False, 'location': 60015027, 'price': 15000.0, 'system': 30030141, 'item': 672, 'volume': 5}",28.999999999999996
"{'orderType': True, 'location': 60010192, 'price': 380.0, 'system': 30000160, 'item': 25599, 'volume': 9675}","{'orderType': False, 'location': 60012667, 'price': 300.0, 'system': 30000180, 'item': 25599, 'volume': 87}",26.666666666666668
"{'orderType': True, 'location': 60003334, 'price': 10.0, 'system': 30000145, 'item': 217, 'volume': 1}","{'orderType': False, 'location': 60003760, 'price': 7.92, 'system': 30000142, 'item': 217, 'volume': 190300}",26.262626262626267
"{'orderType': True, 'location': 60003139, 'price': 34.83, 'system': 30000154, 'item': 3814, 'volume': 215206}","{'orderType': False, 'location': 60003346, 'price': 27.6, 'system': 30000171, 'item': 3814, 'volume': 858}",26.195652173913032
"{'orderType': True, 'location': 1044752365771, 'price': 377600.0, 'system': 30000144, 'item': 16375, 'volume': 38}","{'orderType': False, 'location': 60004237, 'price': 300000.0, 'system': 30000129, 'item': 16375, 'volume': 1}",25.866666666666667
"{'orderType': True, 'location': 1042508032148, 'price': 2085.0, 'system': 30000144, 'item': 25598, 'volume': 18908}","{'orderType': False, 'location': 60015027, 'price': 1658.0, 'system': 30030141, 'item': 25598, 'volume': 4}",25.75392038600724
"{'orderType': True, 'location': 60003760, 'price': 691600.0, 'system': 30000142, 'item': 7123, 'volume': 84}","{'orderType': False, 'location': 60004237, 'price': 550000.0, 'system': 30000129, 'item': 7123, 'volume': 1}",25.745454545454542
"{'orderType': True, 'location': 60003760, 'price': 1506.0, 'system': 30000142, 'item': 54830, 'volume': 63}","{'orderType': False, 'location': 60015027, 'price': 1202.0, 'system': 30030141, 'item': 54830, 'volume': 1}",25.291181364392678
"{'orderType': True, 'location': 60006856, 'price': 525.71, 'system': 30000159, 'item': 9850, 'volume': 15479}","{'orderType': False, 'location': 60004465, 'price': 427.7, 'system': 30000201, 'item': 9850, 'volume': 2964}",22.91559504325463
"{'orderType': True, 'location': 60004465, 'price': 375.5, 'system': 30000201, 'item': 43, 'volume': 6239}","{'orderType': False, 'location': 60002437, 'price': 305.5, 'system': 30000153, 'item': 43, 'volume': 6989}",22.913256955810148
"{'orderType': True, 'location': 60002239, 'price': 894.37, 'system': 30000194, 'item': 3687, 'volume': 17836}","{'orderType': False, 'location': 60003763, 'price': 727.74, 'system': 30000140, 'item': 3687, 'volume': 84}",22.896913732926592
"{'orderType': True, 'location': 60003760, 'price': 21.37, 'system': 30000142, 'item': 17463, 'volume': 1338561}","{'orderType': False, 'location': 60001633, 'price': 17.41, 'system': 30000151, 'item': 17463, 'volume': 62}",22.74554853532453
"{'orderType': True, 'location': 60003763, 'price': 1091000.0, 'system': 30000140, 'item': 11229, 'volume': 56}","{'orderType': False, 'location': 60003043, 'price': 900000.0, 'system': 30000163, 'item': 11229, 'volume': 3}",21.22222222222222
"{'orderType': True, 'location': 60003760, 'price': 664.8, 'system': 30000142, 'item': 2389, 'volume': 437341}","{'orderType': False, 'location': 60003172, 'price': 550.0, 'system': 30000200, 'item': 2389, 'volume': 3740}",20.872727272727264
"{'orderType': True, 'location': 60001798, 'price': 714.55, 'system': 30000196, 'item': 3773, 'volume': 68658}","{'orderType': False, 'location': 60004081, 'price': 592.2, 'system': 30000162, 'item': 3773, 'volume': 619}",20.660249915569047
"{'orderType': True, 'location': 60003760, 'price': 6002.0, 'system': 30000142, 'item': 19660, 'volume': 3083}","{'orderType': False, 'location': 60010816, 'price': 5002.0, 'system': 30000193, 'item': 19660, 'volume': 1}",19.99200319872051
"{'orderType': True, 'location': 60003760, 'price': 412800.0, 'system': 30000142, 'item': 5755, 'volume': 351}","{'orderType': False, 'location': 60004237, 'price': 350000.0, 'system': 30000129, 'item': 5755, 'volume': 1}",17.942857142857143
"{'orderType': True, 'location': 60000307, 'price': 389900.0, 'system': 30000189, 'item': 21815, 'volume': 1}","{'orderType': False, 'location': 60003061, 'price': 335800.0, 'system': 30000120, 'item': 21815, 'volume': 5}",16.110780226325193
"{'orderType': True, 'location': 60003760, 'price': 25420.0, 'system': 30000142, 'item': 11129, 'volume': 457165}","{'orderType': False, 'location': 60002848, 'price': 22000.0, 'system': 30000177, 'item': 11129, 'volume': 6}",15.545454545454545
"{'orderType': True, 'location': 60003760, 'price': 1500000.0, 'system': 30000142, 'item': 41055, 'volume': 247}","{'orderType': False, 'location': 60004237, 'price': 1300000.0, 'system': 30000129, 'item': 41055, 'volume': 1}",15.384615384615385
"{'orderType': True, 'location': 1042508032148, 'price': 404.8, 'system': 30000144, 'item': 25597, 'volume': 3079}","{'orderType': False, 'location': 60002437, 'price': 351.1, 'system': 30000153, 'item': 25597, 'volume': 19}",15.294787809740809
"{'orderType': True, 'location': 60001798, 'price': 4.12, 'system': 30000196, 'item': 34, 'volume': 4033}","{'orderType': False, 'location': 60000295, 'price': 3.58, 'system': 30000130, 'item': 34, 'volume': 1755}",15.083798882681565
"{'orderType': True, 'location': 60003760, 'price': 12650.0, 'system': 30000142, 'item': 9830, 'volume': 10000}","{'orderType': False, 'location': 60003676, 'price': 11000.0, 'system': 30000149, 'item': 9830, 'volume': 260}",15.0
"{'orderType': True, 'location': 60003760, 'price': 114900.0, 'system': 30000142, 'item': 32006, 'volume': 1250}","{'orderType': False, 'location': 60012667, 'price': 100100.0, 'system': 30000180, 'item': 32006, 'volume': 2}",14.785214785214784
"{'orderType': True, 'location': 60003760, 'price': 400300.0, 'system': 30000142, 'item': 7049, 'volume': 226}","{'orderType': False, 'location': 60012667, 'price': 350000.0, 'system': 30000180, 'item': 7049, 'volume': 2}",14.371428571428572
"{'orderType': True, 'location': 1042508032148, 'price': 27280.0, 'system': 30000144, 'item': 25605, 'volume': 14000}","{'orderType': False, 'location': 60003067, 'price': 23860.0, 'system': 30000119, 'item': 25605, 'volume': 4}",14.333612740989102
"{'orderType': True, 'location': 60003754, 'price': 8000.0, 'system': 30000144, 'item': 15588, 'volume': 128}","{'orderType': False, 'location': 60010195, 'price': 7000.0, 'system': 30000159, 'item': 15588, 'volume': 2}",14.285714285714285
"{'orderType': True, 'location': 60003760, 'price': 15310.0, 'system': 30000142, 'item': 17233, 'volume': 7344}","{'orderType': False, 'location': 60003463, 'price': 13400.0, 'system': 30000142, 'item': 17233, 'volume': 2}",14.253731343283583
"{'orderType': True, 'location': 60003676, 'price': 17140.0, 'system': 30000149, 'item': 16301, 'volume': 1}","{'orderType': False, 'location': 60003760, 'price': 15030.0, 'system': 30000142, 'item': 16301, 'volume': 12}",14.038589487691283
"{'orderType': True, 'location': 1044752365771, 'price': 97030.0, 'system': 30000144, 'item': 11351, 'volume': 58}","{'orderType': False, 'location': 60004228, 'price': 85100.0, 'system': 30000129, 'item': 11351, 'volume': 1}",14.018801410105757
"{'orderType': True, 'location': 60003760, 'price': 11.41, 'system': 30000142, 'item': 1230, 'volume': 5475488}","{'orderType': False, 'location': 60000394, 'price': 10.01, 'system': 30000138, 'item': 1230, 'volume': 431568}",13.98601398601399
"{'orderType': True, 'location': 1044752365771, 'price': 204700.0, 'system': 30000144, 'item': 32014, 'volume': 1678}","{'orderType': False, 'location': 60012667, 'price': 180100.0, 'system': 30000180, 'item': 32014, 'volume': 155}",13.659078289838977
"{'orderType': True, 'location': 60003760, 'price': 397300.0, 'system': 30000142, 'item': 7045, 'volume': 300}","{'orderType': False, 'location': 60004237, 'price': 350000.0, 'system': 30000129, 'item': 7045, 'volume': 1}",13.514285714285714
"{'orderType': True, 'location': 60003760, 'price': 96140.0, 'system': 30000142, 'item': 6961, 'volume': 29}","{'orderType': False, 'location': 60004228, 'price': 85010.0, 'system': 30000129, 'item': 6961, 'volume': 1}",13.092577343841901
"{'orderType': True, 'location': 60003760, 'price': 225600.0, 'system': 30000142, 'item': 5955, 'volume': 260}","{'orderType': False, 'location': 60003397, 'price': 200000.0, 'system': 30000129, 'item': 5955, 'volume': 1}",12.8
"{'orderType': True, 'location': 60003760, 'price': 922400.0, 'system': 30000142, 'item': 11325, 'volume': 235}","{'orderType': False, 'location': 60004237, 'price': 818100.0, 'system': 30000129, 'item': 11325, 'volume': 3}",12.749052683046083
"{'orderType': True, 'location': 1042508032148, 'price': 6265000.0, 'system': 30000144, 'item': 13984, 'volume': 19}","{'orderType': False, 'location': 60001624, 'price': 5557000.0, 'system': 30000197, 'item': 13984, 'volume': 1}",12.740687421270469
"{'orderType': True, 'location': 60000448, 'price': 17.17, 'system': 30000139, 'item': 210, 'volume': 2000}","{'orderType': False, 'location': 60003760, 'price': 15.25, 'system': 30000142, 'item': 210, 'volume': 21506381}",12.59016393442624
"{'orderType': True, 'location': 60015157, 'price': 50640.0, 'system': 30000141, 'item': 3393, 'volume': 1}","{'orderType': False, 'location': 60004435, 'price': 45000.0, 'system': 30000167, 'item': 3393, 'volume': 757}",12.533333333333333
"{'orderType': True, 'location': 60003754, 'price': 4500.0, 'system': 30000144, 'item': 15587, 'volume': 128}","{'orderType': False, 'location': 60003070, 'price': 4000.0, 'system': 30000181, 'item': 15587, 'volume': 4}",12.5
"{'orderType': True, 'location': 60003754, 'price': 4500.0, 'system': 30000144, 'item': 15625, 'volume': 128}","{'orderType': False, 'location': 60010195, 'price': 4000.0, 'system': 30000159, 'item': 15625, 'volume': 2}",12.5
"{'orderType': True, 'location': 60003760, 'price': 7221.0, 'system': 30000142, 'item': 62568, 'volume': 61476}","{'orderType': False, 'location': 60002284, 'price': 6430.0, 'system': 30000167, 'item': 62568, 'volume': 4009}",12.301710730948678
"{'orderType': True, 'location': 60003061, 'price': 140.0, 'system': 30000120, 'item': 16272, 'volume': 11200}","{'orderType': False, 'location': 60006430, 'price': 125.0, 'system': 30000135, 'item': 16272, 'volume': 1900000}",12.0
"{'orderType': True, 'location': 60003760, 'price': 357100.0, 'system': 30000142, 'item': 85316, 'volume': 1032}","{'orderType': False, 'location': 60002437, 'price': 319000.0, 'system': 30000153, 'item': 85316, 'volume': 4}",11.943573667711599
"{'orderType': True, 'location': 60003760, 'price': 50330000.0, 'system': 30000142, 'item': 22460, 'volume': 1}","{'orderType': False, 'location': 60001804, 'price': 45000000.0, 'system': 30000162, 'item': 22460, 'volume': 1}",11.844444444444445
"{'orderType': True, 'location': 60002353, 'price': 33500.0, 'system': 30000181, 'item': 11399, 'volume': 199}","{'orderType': False, 'location': 60003760, 'price': 30140.0, 'system': 30000142, 'item': 11399, 'volume': 13738}",11.14797611147976
"{'orderType': True, 'location': 60000289, 'price': 950.0, 'system': 30000121, 'item': 20, 'volume': 17472}","{'orderType': False, 'location': 60003760, 'price': 857.2, 'system': 30000142, 'item': 20, 'volume': 2366}",10.825944937004193
"{'orderType': True, 'location': 60003760, 'price': 750800.0, 'system': 30000142, 'item': 2905, 'volume': 82}","{'orderType': False, 'location': 60003136, 'price': 679800.0, 'system': 30000156, 'item': 2905, 'volume': 3}",10.444248308325978
"{'orderType': True, 'location': 1043159223409, 'price': 151.6, 'system': 30000188, 'item': 236, 'volume': 10000}","{'orderType': False, 'location': 60003760, 'price': 137.3, 'system': 30000142, 'item': 236, 'volume': 1303200}",10.415149308084473
"{'orderType': True, 'location': 1044752365771, 'price': 76.52, 'system': 30000144, 'item': 36, 'volume': 730197}","{'orderType': False, 'location': 60012667, 'price': 70.06, 'system': 30000180, 'item': 36, 'volume': 13842}",9.220667998858112
"{'orderType': True, 'location': 60014686, 'price': 28.34, 'system': 30000165, 'item': 41, 'volume': 3809}","{'orderType': False, 'location': 60006430, 'price': 25.97, 'system': 30000135, 'item': 41, 'volume': 22778}",9.1259145167501
"{'orderType': True, 'location': 60003754, 'price': 30000.0, 'system': 30000144, 'item': 15591, 'volume': 128}","{'orderType': False, 'location': 60004237, 'price': 27500.0, 'system': 30000129, 'item': 15591, 'volume': 1}",9.090909090909092
"{'orderType': True, 'location': 60003760, 'price': 88090.0, 'system': 30000142, 'item': 2525, 'volume': 52}","{'orderType': False, 'location': 60006424, 'price': 81000.02, 'system': 30000132, 'item': 2525, 'volume': 277}",8.753059567145781
"{'orderType': True, 'location': 60003760, 'price': 326000.0, 'system': 30000142, 'item': 8863, 'volume': 192}","{'orderType': False, 'location': 60004237, 'price': 300000.0, 'system': 30000129, 'item': 8863, 'volume': 1}",8.666666666666668
"{'orderType': True, 'location': 1044752365771, 'price': 86880000.0, 'system': 30000144, 'item': 24283, 'volume': 4}","{'orderType': False, 'location': 60000484, 'price': 80000000.0, 'system': 30000204, 'item': 24283, 'volume': 3}",8.6
"{'orderType': True, 'location': 60003760, 'price': 8631000.0, 'system': 30000142, 'item': 40361, 'volume': 30}","{'orderType': False, 'location': 60001876, 'price': 8000000.0, 'system': 30000169, 'item': 40361, 'volume': 2}",7.8875
"{'orderType': True, 'location': 1044752365771, 'price': 382300.0, 'system': 30000144, 'item': 16381, 'volume': 195}","{'orderType': False, 'location': 60004237, 'price': 355100.0, 'system': 30000129, 'item': 16381, 'volume': 2}",7.659814136862855
"{'orderType': True, 'location': 60012667, 'price': 430.0, 'system': 30000180, 'item': 12787, 'volume': 6000}","{'orderType': False, 'location': 60003760, 'price': 400.0, 'system': 30000142, 'item': 12787, 'volume': 193400}",7.5
"{'orderType': True, 'location': 1044752365771, 'price': 290000.0, 'system': 30000144, 'item': 16357, 'volume': 417}","{'orderType': False, 'location': 60012667, 'price': 270000.0, 'system': 30000180, 'item': 16357, 'volume': 6}",7.4074074074074066
"{'orderType': True, 'location': 60003760, 'price': 1502.0, 'system': 30000142, 'item': 41032, 'volume': 7189}","{'orderType': False, 'location': 60003136, 'price': 1405.0, 'system': 30000156, 'item': 41032, 'volume': 2}",6.903914590747331
"{'orderType': True, 'location': 60003760, 'price': 5430.0, 'system': 30000142, 'item': 2454, 'volume': 1963}","{'orderType': False, 'location': 60014659, 'price': 5094.0, 'system': 30000141, 'item': 2454, 'volume': 1}",6.595995288574794
"{'orderType': True, 'location': 60003760, 'price': 383600.0, 'system': 30000142, 'item': 16383, 'volume': 24}","{'orderType': False, 'location': 60012667, 'price': 360000.0, 'system': 30000180, 'item': 16383, 'volume': 1}",6.555555555555556
"{'orderType': True, 'location': 60003760, 'price': 3682000.0, 'system': 30000142, 'item': 3082, 'volume': 298}","{'orderType': False, 'location': 60001624, 'price': 3460000.0, 'system': 30000197, 'item': 3082, 'volume': 6}",6.416184971098265
"{'orderType': True, 'location': 60013147, 'price': 5000000.0, 'system': 30000189, 'item': 85729, 'volume': 1666}","{'orderType': False, 'location': 60003760, 'price': 4699000.0, 'system': 30000142, 'item': 85729, 'volume': 1}",6.405618216641838
"{'orderType': True, 'location': 60012310, 'price': 1000000.0, 'system': 30000202, 'item': 85179, 'volume': 5617}","{'orderType': False, 'location': 60003760, 'price': 939900.0, 'system': 30000142, 'item': 85179, 'volume': 21}",6.39429726566656
"{'orderType': True, 'location': 60013141, 'price': 5000000.0, 'system': 30000194, 'item': 85724, 'volume': 1666}","{'orderType': False, 'location': 60003760, 'price': 4700000.0, 'system': 30000142, 'item': 85724, 'volume': 1}",6.382978723404255
"{'orderType': True, 'location': 1044752365771, 'price': 4572000.0, 'system': 30000144, 'item': 8517, 'volume': 21}","{'orderType': False, 'location': 60004228, 'price': 4300000.0, 'system': 30000129, 'item': 8517, 'volume': 1}",6.325581395348837
"{'orderType': True, 'location': 60013141, 'price': 5000000.0, 'system': 30000194, 'item': 85714, 'volume': 1666}","{'orderType': False, 'location': 60003760, 'price': 4712000.0, 'system': 30000142, 'item': 85714, 'volume': 3}",6.112054329371817
"{'orderType': True, 'location': 60003760, 'price': 5411000.0, 'system': 30000142, 'item': 34202, 'volume': 77}","{'orderType': False, 'location': 60003676, 'price': 5100000.0, 'system': 30000149, 'item': 34202, 'volume': 1}",6.098039215686275
"{'orderType': True, 'location': 60003934, 'price': 159.0, 'system': 30000153, 'item': 205, 'volume': 100000}","{'orderType': False, 'location': 60003760, 'price': 149.9, 'system': 30000142, 'item': 205, 'volume': 643824}",6.070713809206133
"{'orderType': True, 'location': 60003760, 'price': 512.1, 'system': 30000142, 'item': 3685, 'volume': 102431}","{'orderType': False, 'location': 60000397, 'price': 482.89, 'system': 30000136, 'item': 3685, 'volume': 28726}",6.0489966659073575
"{'orderType': True, 'location': 60003760, 'price': 5180000.0, 'system': 30000142, 'item': 37610, 'volume': 47}","{'orderType': False, 'location': 60004054, 'price': 4900000.0, 'system': 30000147, 'item': 37610, 'volume': 1}",5.714285714285714
"{'orderType': True, 'location': 1044752365771, 'price': 2360.0, 'system': 30000144, 'item': 41031, 'volume': 2498}","{'orderType': False, 'location': 60003136, 'price': 2235.0, 'system': 30000156, 'item': 41031, 'volume': 1}",5.592841163310962
"{'orderType': True, 'location': 60003760, 'price': 38000.0, 'system': 30000142, 'item': 33441, 'volume': 995}","{'orderType': False, 'location': 60000871, 'price': 36010.0, 'system': 30000184, 'item': 33441, 'volume': 2}",5.526242710358234
"{'orderType': True, 'location': 60003760, 'price': 110600000.0, 'system': 30000142, 'item': 20701, 'volume': 3}","{'orderType': False, 'location': 60000484, 'price': 105000000.0, 'system': 30000204, 'item': 20701, 'volume': 1}",5.333333333333334
"{'orderType': True, 'location': 60010195, 'price': 200000.0, 'system': 30000159, 'item': 30744, 'volume': 1666}","{'orderType': False, 'location': 60004072, 'price': 190000.0, 'system': 30000137, 'item': 30744, 'volume': 7}",5.263157894736842
"{'orderType': True, 'location': 1044752365771, 'price': 2315000.0, 'system': 30000144, 'item': 2913, 'volume': 81}","{'orderType': False, 'location': 60013045, 'price': 2200000.0, 'system': 30000205, 'item': 2913, 'volume': 2}",5.227272727272727
"{'orderType': True, 'location': 60003760, 'price': 2206000.0, 'system': 30000142, 'item': 438, 'volume': 107}","{'orderType': False, 'location': 60013045, 'price': 2100000.0, 'system': 30000205, 'item': 438, 'volume': 2}",5.0476190476190474
"{'orderType': True, 'location': 60015027, 'price': 6107.0, 'system': 30030141, 'item': 8089, 'volume': 40}","{'orderType': False, 'location': 60003760, 'price': 5817.0, 'system': 30000142, 'item': 8089, 'volume': 33}",4.985387656867801
"{'orderType': True, 'location': 1042499803831, 'price': 5194000.0, 'system': 30000144, 'item': 12542, 'volume': 4}","{'orderType': False, 'location': 60014659, 'price': 4950000.0, 'system': 30000141, 'item': 12542, 'volume': 1}",4.929292929292929
"{'orderType': True, 'location': 60003760, 'price': 1705000.0, 'system': 30000142, 'item': 34203, 'volume': 554}","{'orderType': False, 'location': 60003676, 'price': 1625000.0, 'system': 30000149, 'item': 34203, 'volume': 1}",4.923076923076923
"{'orderType': True, 'location': 60001795, 'price': 1500000.0, 'system': 30000197, 'item': 30746, 'volume': 5000}","{'orderType': False, 'location': 60001585, 'price': 1430000.0, 'system': 30000190, 'item': 30746, 'volume': 13}",4.895104895104895
"{'orderType': True, 'location': 60013141, 'price': 5000000.0, 'system': 30000194, 'item': 85716, 'volume': 1666}","{'orderType': False, 'location': 60003760, 'price': 4770000.0, 'system': 30000142, 'item': 85716, 'volume': 1}",4.821802935010482
"{'orderType': True, 'location': 60013150, 'price': 5000000.0, 'system': 30000190, 'item': 85721, 'volume': 1666}","{'orderType': False, 'location': 60003760, 'price': 4778000.0, 'system': 30000142, 'item': 85721, 'volume': 1}",4.646295521138551
"{'orderType': True, 'location': 60003175, 'price': 209.28, 'system': 30000195, 'item': 3717, 'volume': 103187}","{'orderType': False, 'location': 60003760, 'price': 200.0, 'system': 30000142, 'item': 3717, 'volume': 20}",4.640000000000001
"{'orderType': True, 'location': 60003760, 'price': 407400.0, 'system': 30000142, 'item': 16373, 'volume': 45}","{'orderType': False, 'location': 60012667, 'price': 390000.0, 'system': 30000180, 'item': 16373, 'volume': 5}",4.461538461538462
"{'orderType': True, 'location': 60012310, 'price': 60000.0, 'system': 30000202, 'item': 19403, 'volume': 5555}","{'orderType': False, 'location': 60003760, 'price': 57520.0, 'system': 30000142, 'item': 19403, 'volume': 1}",4.3115438108484
"{'orderType': True, 'location': 1044752365771, 'price': 31.32, 'system': 30000144, 'item': 35, 'volume': 2140685}","{'orderType': False, 'location': 60012667, 'price': 30.05, 'system': 30000180, 'item': 35, 'volume': 84415}",4.226289517470881
"{'orderType': True, 'location': 60013141, 'price': 5000000.0, 'system': 30000194, 'item': 85712, 'volume': 1666}","{'orderType': False, 'location': 60003760, 'price': 4799000.0, 'system': 30000142, 'item': 85712, 'volume': 1}",4.1883725776203375
"{'orderType': True, 'location': 60013147, 'price': 5000000.0, 'system': 30000189, 'item': 85720, 'volume': 1666}","{'orderType': False, 'location': 60003760, 'price': 4799000.0, 'system': 30000142, 'item': 85720, 'volume': 1}",4.1883725776203375
"{'orderType': True, 'location': 60001786, 'price': 500000.0, 'system': 30000187, 'item': 30745, 'volume': 5000}","{'orderType': False, 'location': 60001585, 'price': 480000.0, 'system': 30000190, 'item': 30745, 'volume': 75}",4.166666666666666
"{'orderType': True, 'location': 60012313, 'price': 600000.0, 'system': 30000201, 'item': 19406, 'volume': 5555}","{'orderType': False, 'location': 60012667, 'price': 576000.0, 'system': 30000180, 'item': 19406, 'volume': 1}",4.166666666666666
"{'orderType': True, 'location': 60013141, 'price': 5000000.0, 'system': 30000194, 'item': 85719, 'volume': 1666}","{'orderType': False, 'location': 60003760, 'price': 4800000.0, 'system': 30000142, 'item': 85719, 'volume': 1}",4.166666666666666
"{'orderType': True, 'location': 60003337, 'price': 100000.0, 'system': 30000139, 'item': 87952, 'volume': 5000}","{'orderType': False, 'location': 60003469, 'price': 96100.0, 'system': 30000142, 'item': 87952, 'volume': 49}",4.0582726326742975
"{'orderType': True, 'location': 60003754, 'price': 30000.0, 'system': 30000144, 'item': 15997, 'volume': 128}","{'orderType': False, 'location': 60014659, 'price': 28830.0, 'system': 30000141, 'item': 15997, 'volume': 1}",4.0582726326742975
"{'orderType': True, 'location': 60003760, 'price': 883400.0, 'system': 30000142, 'item': 35662, 'volume': 66}","{'orderType': False, 'location': 60004228, 'price': 850000.0, 'system': 30000129, 'item': 35662, 'volume': 1}",3.9294117647058826
"{'orderType': True, 'location': 60003754, 'price': 8000.0, 'system': 30000144, 'item': 15626, 'volume': 128}","{'orderType': False, 'location': 60003334, 'price': 7700.0, 'system': 30000145, 'item': 15626, 'volume': 13}",3.896103896103896
"{'orderType': True, 'location': 60015027, 'price': 7969.0, 'system': 30030141, 'item': 7291, 'volume': 168}","{'orderType': False, 'location': 60003760, 'price': 7676.0, 'system': 30000142, 'item': 7291, 'volume': 17}",3.8170922355393433
"{'orderType': True, 'location': 60012310, 'price': 101700000.0, 'system': 30000202, 'item': 19420, 'volume': 5555}","{'orderType': False, 'location': 60003760, 'price': 97990000.0, 'system': 30000142, 'item': 19420, 'volume': 1}",3.7861006225125013
"{'orderType': True, 'location': 1042508032148, 'price': 51.86, 'system': 30000144, 'item': 62530, 'volume': 12928442}","{'orderType': False, 'location': 60004474, 'price': 50.0, 'system': 30000188, 'item': 62530, 'volume': 417197}",3.719999999999999
"{'orderType': True, 'location': 60012319, 'price': 180000.0, 'system': 30000202, 'item': 19404, 'volume': 5555}","{'orderType': False, 'location': 60003760, 'price': 173600.0, 'system': 30000142, 'item': 19404, 'volume': 1}",3.686635944700461
"{'orderType': True, 'location': 60012319, 'price': 100000.0, 'system': 30000202, 'item': 48121, 'volume': 1111}","{'orderType': False, 'location': 60003760, 'price': 96450.0, 'system': 30000142, 'item': 48121, 'volume': 190}",3.68066355624676
"{'orderType': True, 'location': 60013141, 'price': 5000000.0, 'system': 30000194, 'item': 85722, 'volume': 1666}","{'orderType': False, 'location': 60003760, 'price': 4823000.0, 'system': 30000142, 'item': 85722, 'volume': 1}",3.669914990669708
"{'orderType': True, 'location': 60012310, 'price': 360000.0, 'system': 30000202, 'item': 19405, 'volume': 5555}","{'orderType': False, 'location': 60003760, 'price': 347300.0, 'system': 30000142, 'item': 19405, 'volume': 8}",3.656780881082637
"{'orderType': True, 'location': 60012316, 'price': 2100000.0, 'system': 30000202, 'item': 19408, 'volume': 5555}","{'orderType': False, 'location': 60003760, 'price': 2026000.0, 'system': 30000142, 'item': 19408, 'volume': 3}",3.652517275419546
"{'orderType': True, 'location': 60012322, 'price': 51680000.0, 'system': 30000201, 'item': 19417, 'volume': 5555}","{'orderType': False, 'location': 60003760, 'price': 49860000.0, 'system': 30000142, 'item': 19417, 'volume': 1}",3.650220617729643
"{'orderType': True, 'location': 60012316, 'price': 10000000.0, 'system': 30000202, 'item': 55932, 'volume': 11235}","{'orderType': False, 'location': 60003760, 'price': 9649000.0, 'system': 30000142, 'item': 55932, 'volume': 50}",3.6376826614156905
"{'orderType': True, 'location': 60012316, 'price': 17160000.0, 'system': 30000202, 'item': 19412, 'volume': 5555}","{'orderType': False, 'location': 60003760, 'price': 16560000.0, 'system': 30000142, 'item': 19412, 'volume': 1}",3.6231884057971016
"{'orderType': True, 'location': 60012310, 'price': 13200000.0, 'system': 30000202, 'item': 19411, 'volume': 5555}","{'orderType': False, 'location': 60003760, 'price': 12740000.0, 'system': 30000142, 'item': 19411, 'volume': 2}",3.610675039246468
"{'orderType': True, 'location': 60012310, 'price': 133837000.0, 'system': 30000202, 'item': 19421, 'volume': 5555}","{'orderType': False, 'location': 60003760, 'price': 129200000.0, 'system': 30000142, 'item': 19421, 'volume': 2}",3.5890092879256965
"{'orderType': True, 'location': 60012316, 'price': 6300000.0, 'system': 30000202, 'item': 19409, 'volume': 5555}","{'orderType': False, 'location': 60003760, 'price': 6083000.0, 'system': 30000142, 'item': 19409, 'volume': 2}",3.567318757192175
"{'orderType': True, 'location': 60003760, 'price': 7974000.0, 'system': 30000142, 'item': 23061, 'volume': 16}","{'orderType': False, 'location': 60000922, 'price': 7700000.0, 'system': 30000163, 'item': 23061, 'volume': 8}",3.5584415584415585
"{'orderType': True, 'location': 60012310, 'price': 1200000.0, 'system': 30000202, 'item': 19407, 'volume': 5555}","{'orderType': False, 'location': 60003760, 'price': 1159000.0, 'system': 30000142, 'item': 19407, 'volume': 3}",3.537532355478861
"{'orderType': True, 'location': 60012310, 'price': 80000000.0, 'system': 30000202, 'item': 19419, 'volume': 5555}","{'orderType': False, 'location': 60003760, 'price': 77290000.0, 'system': 30000142, 'item': 19419, 'volume': 6}",3.506275067925993
"{'orderType': True, 'location': 60012313, 'price': 100000.0, 'system': 30000201, 'item': 60459, 'volume': 1123}","{'orderType': False, 'location': 60003760, 'price': 96620.0, 'system': 30000142, 'item': 60459, 'volume': 1808}",3.498240529910992
"{'orderType': True, 'location': 60003337, 'price': 385.0, 'system': 30000139, 'item': 2396, 'volume': 290860}","{'orderType': False, 'location': 60003760, 'price': 372.0, 'system': 30000142, 'item': 2396, 'volume': 8900}",3.494623655913978
"{'orderType': True, 'location': 60004048, 'price': 429800.0, 'system': 30000146, 'item': 34206, 'volume': 100}","{'orderType': False, 'location': 60003145, 'price': 415300.0, 'system': 30000161, 'item': 34206, 'volume': 1}",3.491451962436792
"{'orderType': True, 'location': 60001783, 'price': 5000000.0, 'system': 30000181, 'item': 30747, 'volume': 5000}","{'orderType': False, 'location': 60003760, 'price': 4834000.0, 'system': 30000142, 'item': 30747, 'volume': 2}",3.434009102192801
"{'orderType': True, 'location': 60004051, 'price': 26250.0, 'system': 30000150, 'item': 11690, 'volume': 1000}","{'orderType': False, 'location': 60003760, 'price': 25380.0, 'system': 30000142, 'item': 11690, 'volume': 4650}",3.4278959810874707
"{'orderType': True, 'location': 60015027, 'price': 1.52, 'system': 30030141, 'item': 215, 'volume': 946216}","{'orderType': False, 'location': 60003760, 'price': 1.47, 'system': 30000142, 'item': 215, 'volume': 5068}",3.40136054421769
"{'orderType': True, 'location': 60012316, 'price': 3360000.0, 'system': 30000202, 'item': 19422, 'volume': 5555}","{'orderType': False, 'location': 60003760, 'price': 3250000.0, 'system': 30000142, 'item': 19422, 'volume': 1}",3.3846153846153846
"{'orderType': True, 'location': 60012310, 'price': 43200000.0, 'system': 30000202, 'item': 19416, 'volume': 5555}","{'orderType': False, 'location': 60003760, 'price': 41800000.0, 'system': 30000142, 'item': 19416, 'volume': 1}",3.349282296650718
"{'orderType': True, 'location': 60012316, 'price': 9900000.0, 'system': 30000202, 'item': 19410, 'volume': 5555}","{'orderType': False, 'location': 60003760, 'price': 9580000.0, 'system': 30000142, 'item': 19410, 'volume': 3}",3.3402922755741122
"{'orderType': True, 'location': 60012310, 'price': 35700000.0, 'system': 30000202, 'item': 19415, 'volume': 5555}","{'orderType': False, 'location': 60003760, 'price': 34550000.0, 'system': 30000142, 'item': 19415, 'volume': 2}",3.3285094066570187
"{'orderType': True, 'location': 60003760, 'price': 1136000.0, 'system': 30000142, 'item': 3033, 'volume': 90}","{'orderType': False, 'location': 60013045, 'price': 1100000.0, 'system': 30000205, 'item': 3033, 'volume': 7}",3.272727272727273
"{'orderType': True, 'location': 60012316, 'price': 61200000.0, 'system': 30000202, 'item': 19418, 'volume': 5555}","{'orderType': False, 'location': 60003760, 'price': 59300000.0, 'system': 30000142, 'item': 19418, 'volume': 1}",3.204047217537943
"{'orderType': True, 'location': 1042508032148, 'price': 46.31, 'system': 30000144, 'item': 62524, 'volume': 160099310}","{'orderType': False, 'location': 60014659, 'price': 44.98, 'system': 30000141, 'item': 62524, 'volume': 48067}",2.9568697198755123
"{'orderType': True, 'location': 60003760, 'price': 47.35, 'system': 30000142, 'item': 62525, 'volume': 2982665}","{'orderType': False, 'location': 60000790, 'price': 46.0, 'system': 30000188, 'item': 62525, 'volume': 635901}",2.9347826086956554
"{'orderType': True, 'location': 60003760, 'price': 1028000.0, 'system': 30000142, 'item': 648, 'volume': 170}","{'orderType': False, 'location': 60015027, 'price': 998900.0, 'system': 30030141, 'item': 648, 'volume': 1013}",2.913204524977475
"{'orderType': True, 'location': 1042508032148, 'price': 95330.0, 'system': 30000144, 'item': 2254, 'volume': 57}","{'orderType': False, 'location': 60006424, 'price': 92686.65, 'system': 30000132, 'item': 2254, 'volume': 277}",2.8519209616487444
"{'orderType': True, 'location': 60004051, 'price': 500.0, 'system': 30000150, 'item': 42829, 'volume': 5000}","{'orderType': False, 'location': 60003760, 'price': 486.2, 'system': 30000142, 'item': 42829, 'volume': 76767}",2.838338132455782
"{'orderType': True, 'location': 60003760, 'price': 523100.0, 'system': 30000142, 'item': 9331, 'volume': 102}","{'orderType': False, 'location': 60002359, 'price': 509600.0, 'system': 30000180, 'item': 9331, 'volume': 2}",2.6491365777080063
"{'orderType': True, 'location': 60003760, 'price': 923200.0, 'system': 30000142, 'item': 11327, 'volume': 122}","{'orderType': False, 'location': 60004237, 'price': 900000.0, 'system': 30000129, 'item': 11327, 'volume': 2}",2.577777777777778
"{'orderType': True, 'location': 60003760, 'price': 5180000.0, 'system': 30000142, 'item': 37611, 'volume': 10}","{'orderType': False, 'location': 60012667, 'price': 5050000.0, 'system': 30000180, 'item': 37611, 'volume': 1}",2.5742574257425743
"{'orderType': True, 'location': 60005608, 'price': 5128000.0, 'system': 30000119, 'item': 17341, 'volume': 1}","{'orderType': False, 'location': 60010201, 'price': 5000000.0, 'system': 30000164, 'item': 17341, 'volume': 5555550}",2.56
"{'orderType': True, 'location': 60003760, 'price': 3807.0, 'system': 30000142, 'item': 6485, 'volume': 1498}","{'orderType': False, 'location': 60015002, 'price': 3712.0, 'system': 30021407, 'item': 6485, 'volume': 1}",2.5592672413793105
"{'orderType': True, 'location': 60003760, 'price': 318.0, 'system': 30000142, 'item': 63165, 'volume': 69024}","{'orderType': False, 'location': 60015027, 'price': 310.1, 'system': 30030141, 'item': 63165, 'volume': 200}",2.5475653015156325
"{'orderType': True, 'location': 60003724, 'price': 50000.0, 'system': 30000145, 'item': 85758, 'volume': 90909}","{'orderType': False, 'location': 60003760, 'price': 48790.0, 'system': 30000142, 'item': 85758, 'volume': 209}",2.4800163968026236
"{'orderType': True, 'location': 60002359, 'price': 1885000.0, 'system': 30000180, 'item': 34204, 'volume': 6}","{'orderType': False, 'location': 60003760, 'price': 1840000.0, 'system': 30000142, 'item': 34204, 'volume': 2}",2.4456521739130435
"{'orderType': True, 'location': 60003760, 'price': 8194000.0, 'system': 30000142, 'item': 23057, 'volume': 10}","{'orderType': False, 'location': 60000484, 'price': 8000000.0, 'system': 30000204, 'item': 23057, 'volume': 30}",2.4250000000000003
"{'orderType': True, 'location': 60003760, 'price': 11.75, 'system': 30000142, 'item': 17470, 'volume': 17273291}","{'orderType': False, 'location': 60003685, 'price': 11.5, 'system': 30000148, 'item': 17470, 'volume': 4434}",2.1739130434782608
"{'orderType': True, 'location': 1044752365771, 'price': 40860000.0, 'system': 30000144, 'item': 22125, 'volume': 2}","{'orderType': False, 'location': 60015027, 'price': 40000000.0, 'system': 30030141, 'item': 22125, 'volume': 1}",2.15
"{'orderType': True, 'location': 60013042, 'price': 29120000.0, 'system': 30000202, 'item': 19414, 'volume': 11111}","{'orderType': False, 'location': 60003760, 'price': 28520000.0, 'system': 30000142, 'item': 19414, 'volume': 2}",2.1037868162692845
"{'orderType': True, 'location': 60003760, 'price': 408100.0, 'system': 30000142, 'item': 5697, 'volume': 55}","{'orderType': False, 'location': 60012670, 'price': 400000.0, 'system': 30000185, 'item': 5697, 'volume': 1}",2.025
"{'orderType': True, 'location': 60000790, 'price': 393500.0, 'system': 30000188, 'item': 55831, 'volume': 2}","{'orderType': False, 'location': 60003760, 'price': 385700.0, 'system': 30000142, 'item': 55831, 'volume': 3}",2.022297122115634
"{'orderType': True, 'location': 60003760, 'price': 102000000.0, 'system': 30000142, 'item': 81043, 'volume': 1}","{'orderType': False, 'location': 60006853, 'price': 100000000.0, 'system': 30000162, 'item': 81043, 'volume': 22222}",2.0
"{'orderType': True, 'location': 60003760, 'price': 5100000.0, 'system': 30000142, 'item': 37608, 'volume': 336}","{'orderType': False, 'location': 60004054, 'price': 5000000.0, 'system': 30000147, 'item': 37608, 'volume': 2}",2.0
"{'orderType': True, 'location': 60005608, 'price': 5098000.0, 'system': 30000119, 'item': 17352, 'volume': 1}","{'orderType': False, 'location': 60002236, 'price': 5000000.0, 'system': 30000188, 'item': 17352, 'volume': 5464475}",1.96
"{'orderType': True, 'location': 60003760, 'price': 48.41, 'system': 30000142, 'item': 62526, 'volume': 6817976}","{'orderType': False, 'location': 60000790, 'price': 47.5, 'system': 30000188, 'item': 62526, 'volume': 141411}",1.9157894736842034
"{'orderType': True, 'location': 60003760, 'price': 520000.0, 'system': 30000142, 'item': 2873, 'volume': 313}","{'orderType': False, 'location': 60003760, 'price': 510500.0, 'system': 30000142, 'item': 2873, 'volume': 14}",1.860920666013712
"{'orderType': True, 'location': 60012310, 'price': 21840000.0, 'system': 30000202, 'item': 19413, 'volume': 5555}","{'orderType': False, 'location': 60003760, 'price': 21450000.0, 'system': 30000142, 'item': 19413, 'volume': 1}",1.8181818181818181
"{'orderType': True, 'location': 60013141, 'price': 10000000.0, 'system': 30000194, 'item': 85726, 'volume': 1666}","{'orderType': False, 'location': 60003760, 'price': 9829000.0, 'system': 30000142, 'item': 85726, 'volume': 1}",1.7397497202156882
"{'orderType': True, 'location': 60003760, 'price': 68120.0, 'system': 30000142, 'item': 8537, 'volume': 994}","{'orderType': False, 'location': 60004474, 'price': 67000.0, 'system': 30000188, 'item': 8537, 'volume': 4}",1.671641791044776
"{'orderType': True, 'location': 60003760, 'price': 1220000.0, 'system': 30000142, 'item': 15592, 'volume': 75}","{'orderType': False, 'location': 60004228, 'price': 1200000.0, 'system': 30000129, 'item': 15592, 'volume': 4}",1.6666666666666667
"{'orderType': True, 'location': 60003760, 'price': 410800.0, 'system': 30000142, 'item': 5721, 'volume': 326}","{'orderType': False, 'location': 60004228, 'price': 404300.0, 'system': 30000129, 'item': 5721, 'volume': 1}",1.607717041800643
"{'orderType': True, 'location': 60003760, 'price': 3400.0, 'system': 30000142, 'item': 45662, 'volume': 12913}","{'orderType': False, 'location': 60003469, 'price': 3348.0, 'system': 30000142, 'item': 45662, 'volume': 17}",1.5531660692951015
"{'orderType': True, 'location': 60002359, 'price': 105000.0, 'system': 30000180, 'item': 20414, 'volume': 18}","{'orderType': False, 'location': 60003760, 'price': 103400.0, 'system': 30000142, 'item': 20414, 'volume': 170}",1.5473887814313347
"{'orderType': True, 'location': 60003760, 'price': 913700.0, 'system': 30000142, 'item': 5945, 'volume': 90}","{'orderType': False, 'location': 60004228, 'price': 900000.0, 'system': 30000129, 'item': 5945, 'volume': 1}",1.5222222222222221
"{'orderType': True, 'location': 60003760, 'price': 100400.0, 'system': 30000142, 'item': 15614, 'volume': 6736}","{'orderType': False, 'location': 60012667, 'price': 99000.0, 'system': 30000180, 'item': 15614, 'volume': 9}",1.4141414141414141
"{'orderType': True, 'location': 60003760, 'price': 1500000.0, 'system': 30000142, 'item': 41056, 'volume': 300}","{'orderType': False, 'location': 60004474, 'price': 1480000.0, 'system': 30000188, 'item': 41056, 'volume': 3}",1.3513513513513513
"{'orderType': True, 'location': 60003760, 'price': 1201.0, 'system': 30000142, 'item': 17445, 'volume': 10000}","{'orderType': False, 'location': 60002842, 'price': 1185.0, 'system': 30000177, 'item': 17445, 'volume': 9000}",1.350210970464135
"{'orderType': True, 'location': 60003760, 'price': 3038.0, 'system': 30000142, 'item': 1229, 'volume': 12714}","{'orderType': False, 'location': 60013147, 'price': 3000.0, 'system': 30000189, 'item': 1229, 'volume': 1000}",1.2666666666666666
"{'orderType': True, 'location': 60003760, 'price': 82010.0, 'system': 30000142, 'item': 2551, 'volume': 245}","{'orderType': False, 'location': 60006424, 'price': 81000.03, 'system': 30000132, 'item': 2551, 'volume': 277}",1.246876081403922
"{'orderType': True, 'location': 60002359, 'price': 95000.0, 'system': 30000180, 'item': 20171, 'volume': 18}","{'orderType': False, 'location': 60003760, 'price': 93840.0, 'system': 30000142, 'item': 20171, 'volume': 1049}",1.23614663256607
"{'orderType': True, 'location': 60004444, 'price': 183900.0, 'system': 30000181, 'item': 31105, 'volume': 1}","{'orderType': False, 'location': 60003760, 'price': 181700.0, 'system': 30000142, 'item': 31105, 'volume': 117}",1.2107870115575123
"{'orderType': True, 'location': 60003760, 'price': 5301.0, 'system': 30000142, 'item': 84519, 'volume': 194}","{'orderType': False, 'location': 60003757, 'price': 5239.0, 'system': 30000142, 'item': 84519, 'volume': 1}",1.183431952662722
"{'orderType': True, 'location': 60003760, 'price': 687.7, 'system': 30000142, 'item': 9828, 'volume': 183074}","{'orderType': False, 'location': 60003172, 'price': 680.0, 'system': 30000200, 'item': 9828, 'volume': 6180}",1.1323529411764772
"{'orderType': True, 'location': 1042508032148, 'price': 47.48, 'system': 30000144, 'item': 62529, 'volume': 9236866}","{'orderType': False, 'location': 60000790, 'price': 47.0, 'system': 30000188, 'item': 62529, 'volume': 1847362}",1.021276595744674
"{'orderType': True, 'location': 60003760, 'price': 81820.0, 'system': 30000142, 'item': 2549, 'volume': 76}","{'orderType': False, 'location': 60006424, 'price': 81000.02, 'system': 30000132, 'item': 2549, 'volume': 277}",1.012320737698578
"{'orderType': True, 'location': 60012313, 'price': 10000.0, 'system': 30000201, 'item': 55931, 'volume': 11235}","{'orderType': False, 'location': 60003760, 'price': 9900.0, 'system': 30000142, 'item': 55931, 'volume': 3}",1.0101010101010102
"{'orderType': True, 'location': 60013141, 'price': 15000000.0, 'system': 30000194, 'item': 85731, 'volume': 1666}","{'orderType': False, 'location': 60003760, 'price': 14860000.0, 'system': 30000142, 'item': 85731, 'volume': 1}",0.9421265141318977
"{'orderType': True, 'location': 60012310, 'price': 11000.0, 'system': 30000202, 'item': 19400, 'volume': 79}","{'orderType': False, 'location': 60003760, 'price': 10900.0, 'system': 30000142, 'item': 19400, 'volume': 1}",0.9174311926605505
"{'orderType': True, 'location': 1042508032148, 'price': 111000.0, 'system': 30000144, 'item': 2361, 'volume': 250}","{'orderType': False, 'location': 60001876, 'price': 110000.0, 'system': 30000169, 'item': 2361, 'volume': 500}",0.9090909090909091
"{'orderType': True, 'location': 60003244, 'price': 300000000.0, 'system': 30000126, 'item': 81920, 'volume': 333}","{'orderType': False, 'location': 60003760, 'price': 298100000.0, 'system': 30000142, 'item': 81920, 'volume': 2}",0.6373700100637371
"{'orderType': True, 'location': 60013291, 'price': 160.0, 'system': 30000182, 'item': 16273, 'volume': 754536}","{'orderType': False, 'location': 60001594, 'price': 159.0, 'system': 30000188, 'item': 16273, 'volume': 802774}",0.628930817610063
"{'orderType': True, 'location': 60003760, 'price': 502.6, 'system': 30000142, 'item': 2398, 'volume': 760000}","{'orderType': False, 'location': 60001480, 'price': 500.0, 'system': 30000120, 'item': 2398, 'volume': 724000}",0.5200000000000046
"{'orderType': True, 'location': 60013144, 'price': 20000000.0, 'system': 30000193, 'item': 85728, 'volume': 1666}","{'orderType': False, 'location': 60003760, 'price': 19900000.0, 'system': 30000142, 'item': 85728, 'volume': 1}",0.5025125628140703
"{'orderType': True, 'location': 60003760, 'price': 247200.0, 'system': 30000142, 'item': 16265, 'volume': 372}","{'orderType': False, 'location': 60003394, 'price': 246000.0, 'system': 30000127, 'item': 16265, 'volume': 190}",0.4878048780487805
"{'orderType': True, 'location': 60003760, 'price': 239100.0, 'system': 30000142, 'item': 53984, 'volume': 305}","{'orderType': False, 'location': 60003676, 'price': 238000.0, 'system': 30000149, 'item': 53984, 'volume': 1}",0.46218487394957986
"{'orderType': True, 'location': 60000301, 'price': 239000.0, 'system': 30000188, 'item': 28444, 'volume': 3659}","{'orderType': False, 'location': 60003061, 'price': 238100.0, 'system': 30000120, 'item': 28444, 'volume': 1}",0.37799244015119693
"{'orderType': True, 'location': 60003760, 'price': 11540000.0, 'system': 30000142, 'item': 634, 'volume': 1}","{'orderType': False, 'location': 60002362, 'price': 11500000.0, 'system': 30000185, 'item': 634, 'volume': 1}",0.34782608695652173
"{'orderType': True, 'location': 60013150, 'price': 5000000.0, 'system': 30000190, 'item': 85713, 'volume': 1666}","{'orderType': False, 'location': 60003760, 'price': 4983000.0, 'system': 30000142, 'item': 85713, 'volume': 1}",0.3411599438089504
"{'orderType': True, 'location': 60003760, 'price': 3.02, 'system': 30000142, 'item': 2512, 'volume': 1958141}","{'orderType': False, 'location': 60003136, 'price': 3.01, 'system': 30000156, 'item': 2512, 'volume': 100}",0.33222591362127013
"{'orderType': True, 'location': 1044752365771, 'price': 1291.0, 'system': 30000144, 'item': 16639, 'volume': 9145}","{'orderType': False, 'location': 60003760, 'price': 1287.0, 'system': 30000142, 'item': 16639, 'volume': 413870}",0.3108003108003108
"{'orderType': True, 'location': 60003760, 'price': 85360.0, 'system': 30000142, 'item': 16423, 'volume': 484}","{'orderType': False, 'location': 60004228, 'price': 85100.0, 'system': 30000129, 'item': 16423, 'volume': 1}",0.30552291421856637
"{'orderType': True, 'location': 60003760, 'price': 18.61, 'system': 30000142, 'item': 188, 'volume': 150683}","{'orderType': False, 'location': 60012667, 'price': 18.56, 'system': 30000180, 'item': 188, 'volume': 50312}",0.2693965517241418
"{'orderType': True, 'location': 60003469, 'price': 9610.0, 'system': 30000142, 'item': 16649, 'volume': 19924}","{'orderType': False, 'location': 60003760, 'price': 9596.0, 'system': 30000142, 'item': 16649, 'volume': 0}",0.14589412255106293
"{'orderType': True, 'location': 60003760, 'price': 33060.0, 'system': 30000142, 'item': 16515, 'volume': 462}","{'orderType': False, 'location': 60000871, 'price': 33020.0, 'system': 30000184, 'item': 16515, 'volume': 2}",0.12113870381586916
"{'orderType': True, 'location': 60003760, 'price': 5038.0, 'system': 30000142, 'item': 9608, 'volume': 4745}","{'orderType': False, 'location': 60003136, 'price': 5032.0, 'system': 30000156, 'item': 9608, 'volume': 1}",0.11923688394276628
"{'orderType': True, 'location': 60003760, 'price': 19560.0, 'system': 30000142, 'item': 19500, 'volume': 3788}","{'orderType': False, 'location': 60003934, 'price': 19540.0, 'system': 30000153, 'item': 19500, 'volume': 2}",0.1023541453428864
"{'orderType': True, 'location': 60004228, 'price': 30.05, 'system': 30000129, 'item': 17459, 'volume': 1597406}","{'orderType': False, 'location': 60003760, 'price': 30.02, 'system': 30000142, 'item': 17459, 'volume': 33998}",0.09993337774817168
"{'orderType': True, 'location': 60015169, 'price': 10640000.0, 'system': 30000142, 'item': 72913, 'volume': 1}","{'orderType': False, 'location': 60003760, 'price': 10630000.0, 'system': 30000142, 'item': 72913, 'volume': 1}",0.09407337723424271
"{'orderType': True, 'location': 60004228, 'price': 34.05, 'system': 30000129, 'item': 17460, 'volume': 2693843}","{'orderType': False, 'location': 60003760, 'price': 34.02, 'system': 30000142, 'item': 17460, 'volume': 84}",0.0881834215167373
"{'orderType': True, 'location': 60003760, 'price': 85110.0, 'system': 30000142, 'item': 7369, 'volume': 480}","{'orderType': False, 'location': 60003136, 'price': 85050.0, 'system': 30000156, 'item': 7369, 'volume': 2}",0.07054673721340389
"{'orderType': True, 'location': 60012310, 'price': 1000000.0, 'system': 30000202, 'item': 55933, 'volume': 11235}","{'orderType': False, 'location': 60003760, 'price': 999400.0, 'system': 30000142, 'item': 55933, 'volume': 15}",0.06003602161296778
"{'orderType': True, 'location': 60003760, 'price': 7295.0, 'system': 30000142, 'item': 5093, 'volume': 117}","{'orderType': False, 'location': 60004228, 'price': 7291.0, 'system': 30000129, 'item': 5093, 'volume': 1}",0.054862158825949796
"{'orderType': True, 'location': 60003760, 'price': 25010.0, 'system': 30000142, 'item': 15629, 'volume': 1403}","{'orderType': False, 'location': 60004213, 'price': 25000.0, 'system': 30000153, 'item': 15629, 'volume': 2}",0.04
"{'orderType': True, 'location': 60003760, 'price': 6000.0, 'system': 30000142, 'item': 47896, 'volume': 1000}","{'orderType': False, 'location': 60003760, 'price': 5998.0, 'system': 30000142, 'item': 47896, 'volume': 3}",0.03334444814938312
"{'orderType': True, 'location': 60003760, 'price': 35120.0, 'system': 30000142, 'item': 33466, 'volume': 939}","{'orderType': False, 'location': 60004237, 'price': 35110.0, 'system': 30000129, 'item': 33466, 'volume': 1}",0.02848191398461977
